text,label
This is a real news article about the economy and government policies. The stock market is rising today. Random id 58.,0
SHOCKING TRUTH! Aliens have invaded the earth and are controlling our minds through 5G towers! Click here to learn more. Random id 776.,1
This is a real news article about the economy and government policies. The stock market is rising today. Random id 684.,0
SHOCKING TRUTH! Aliens have invaded the earth and are controlling our minds through 5G towers! Click here to learn more. Random id 50.,1
This is a real news article about the economy and government policies. The stock market is rising today. Random id 132.,0
SHOCKING TRUTH! Aliens have invaded the earth and are controlling our minds through 5G towers! Click here to learn more. Random id 406.,1
This is a real news article about the economy and government policies. The stock market is rising today. Random id 225.,0
SHOCKING TRUTH! Aliens have invaded the earth and are controlling our minds through 5G towers! Click here to learn more. Random id 504.,1
This is a real news article about the economy and government policies. The stock market is rising today. Random id 63.,0
SHOCKING TRUTH! Aliens have invaded the earth and are controlling our minds through 5G towers! Click here to learn more. Random id 426.,1
This is a real news article about the economy and government policies. The stock market is rising today. Random id 16.,0
SHOCKING TRUTH! Aliens have invaded the earth and are controlling our minds through 5G towers! Click here to learn more. Random id 363.,1
This is a real news article about the economy and government policies. The stock market is rising today. Random id 475.,0
SHOCKING TRUTH! Aliens have invaded the earth and are controlling our minds through 5G towers! Click here to learn more. Random id 707.,1
This is a real news article about the economy and government policies. The stock market is rising today. Random id 425.,0
SHOCKING TRUTH! Aliens have invaded the earth and are controlling our minds through 5G towers! Click here to learn more. Random id 675.,1
This is a real news article about the economy and government policies. The stock market is rising today. Random id 352.,0
SHOCKING TRUTH! Aliens have invaded the earth and are controlling our minds through 5G towers! Click here to learn more. Random id 596.,1
This is a real news article about the economy and government policies. The stock market is rising today. Random id 523.,0
SHOCKING TRUTH! Aliens have invaded the earth and are controlling our minds through 5G towers! Click here to learn more. Random id 427.,1
This is a real news article about the economy and government policies. The stock market is rising today. Random id 625.,0
SHOCKING TRUTH! Aliens have invaded the earth and are controlling our minds through 5G towers! Click here to learn more. Random id 546.,1
This is a real news article about the economy and government policies. The stock market is rising today. Random id 31.,0
SHOCKING TRUTH! Aliens have invaded the earth and are controlling our minds through 5G towers! Click here to learn more. Random id 916.,1
This is a real news article about the economy and government policies. The stock market is rising today. Random id 234.,0
SHOCKING TRUTH! Aliens have invaded the earth and are controlling our minds through 5G towers! Click here to learn more. Random id 570.,1
This is a real news article about the economy and government policies. The stock market is rising today. Random id 648.,0
SHOCKING TRUTH! Aliens have invaded the earth and are controlling our minds through 5G towers! Click here to learn more. Random id 70.,1
This is a real news article about the economy and government policies. The stock market is rising today. Random id 668.,0
SHOCKING TRUTH! Aliens have invaded the earth and are controlling our minds through 5G towers! Click here to learn more. Random id 927.,1
This is a real news article about the economy and government policies. The stock market is rising today. Random id 141.,0
SHOCKING TRUTH! Aliens have invaded the earth and are controlling our minds through 5G towers! Click here to learn more. Random id 49.,1
This is a real news article about the economy and government policies. The stock market is rising today. Random id 126.,0
SHOCKING TRUTH! Aliens have invaded the earth and are controlling our minds through 5G towers! Click here to learn more. Random id 995.,1
This is a real news article about the economy and government policies. The stock market is rising today. Random id 590.,0
SHOCKING TRUTH! Aliens have invaded the earth and are controlling our minds through 5G towers! Click here to learn more. Random id 827.,1
This is a real news article about the economy and government policies. The stock market is rising today. Random id 925.,0
SHOCKING TRUTH! Aliens have invaded the earth and are controlling our minds through 5G towers! Click here to learn more. Random id 198.,1
This is a real news article about the economy and government policies. The stock market is rising today. Random id 872.,0
SHOCKING TRUTH! Aliens have invaded the earth and are controlling our minds through 5G towers! Click here to learn more. Random id 703.,1
This is a real news article about the economy and government policies. The stock market is rising today. Random id 73.,0
SHOCKING TRUTH! Aliens have invaded the earth and are controlling our minds through 5G towers! Click here to learn more. Random id 109.,1
This is a real news article about the economy and government policies. The stock market is rising today. Random id 254.,0
SHOCKING TRUTH! Aliens have invaded the earth and are controlling our minds through 5G towers! Click here to learn more. Random id 561.,1
This is a real news article about the economy and government policies. The stock market is rising today. Random id 812.,0
SHOCKING TRUTH! Aliens have invaded the earth and are controlling our minds through 5G towers! Click here to learn more. Random id 745.,1
This is a real news article about the economy and government policies. The stock market is rising today. Random id 697.,0
SHOCKING TRUTH! Aliens have invaded the earth and are controlling our minds through 5G towers! Click here to learn more. Random id 268.,1
This is a real news article about the economy and government policies. The stock market is rising today. Random id 740.,0
SHOCKING TRUTH! Aliens have invaded the earth and are controlling our minds through 5G towers! Click here to learn more. Random id 746.,1
This is a real news article about the economy and government policies. The stock market is rising today. Random id 794.,0
SHOCKING TRUTH! Aliens have invaded the earth and are controlling our minds through 5G towers! Click here to learn more. Random id 54.,1
This is a real news article about the economy and government policies. The stock market is rising today. Random id 363.,0
SHOCKING TRUTH! Aliens have invaded the earth and are controlling our minds through 5G towers! Click here to learn more. Random id 265.,1
This is a real news article about the economy and government policies. The stock market is rising today. Random id 210.,0
SHOCKING TRUTH! Aliens have invaded the earth and are controlling our minds through 5G towers! Click here to learn more. Random id 161.,1
This is a real news article about the economy and government policies. The stock market is rising today. Random id 804.,0
SHOCKING TRUTH! Aliens have invaded the earth and are controlling our minds through 5G towers! Click here to learn more. Random id 464.,1
This is a real news article about the economy and government policies. The stock market is rising today. Random id 976.,0
SHOCKING TRUTH! Aliens have invaded the earth and are controlling our minds through 5G towers! Click here to learn more. Random id 898.,1
This is a real news article about the economy and government policies. The stock market is rising today. Random id 588.,0
SHOCKING TRUTH! Aliens have invaded the earth and are controlling our minds through 5G towers! Click here to learn more. Random id 187.,1
This is a real news article about the economy and government policies. The stock market is rising today. Random id 440.,0
SHOCKING TRUTH! Aliens have invaded the earth and are controlling our minds through 5G towers! Click here to learn more. Random id 530.,1
This is a real news article about the economy and government policies. The stock market is rising today. Random id 248.,0
SHOCKING TRUTH! Aliens have invaded the earth and are controlling our minds through 5G towers! Click here to learn more. Random id 545.,1
This is a real news article about the economy and government policies. The stock market is rising today. Random id 939.,0
SHOCKING TRUTH! Aliens have invaded the earth and are controlling our minds through 5G towers! Click here to learn more. Random id 20.,1
This is a real news article about the economy and government policies. The stock market is rising today. Random id 979.,0
SHOCKING TRUTH! Aliens have invaded the earth and are controlling our minds through 5G towers! Click here to learn more. Random id 531.,1
This is a real news article about the economy and government policies. The stock market is rising today. Random id 901.,0
SHOCKING TRUTH! Aliens have invaded the earth and are controlling our minds through 5G towers! Click here to learn more. Random id 418.,1
This is a real news article about the economy and government policies. The stock market is rising today. Random id 830.,0
SHOCKING TRUTH! Aliens have invaded the earth and are controlling our minds through 5G towers! Click here to learn more. Random id 997.,1
This is a real news article about the economy and government policies. The stock market is rising today. Random id 707.,0
SHOCKING TRUTH! Aliens have invaded the earth and are controlling our minds through 5G towers! Click here to learn more. Random id 983.,1
This is a real news article about the economy and government policies. The stock market is rising today. Random id 985.,0
SHOCKING TRUTH! Aliens have invaded the earth and are controlling our minds through 5G towers! Click here to learn more. Random id 87.,1
This is a real news article about the economy and government policies. The stock market is rising today. Random id 945.,0
SHOCKING TRUTH! Aliens have invaded the earth and are controlling our minds through 5G towers! Click here to learn more. Random id 156.,1
This is a real news article about the economy and government policies. The stock market is rising today. Random id 811.,0
SHOCKING TRUTH! Aliens have invaded the earth and are controlling our minds through 5G towers! Click here to learn more. Random id 307.,1
This is a real news article about the economy and government policies. The stock market is rising today. Random id 563.,0
SHOCKING TRUTH! Aliens have invaded the earth and are controlling our minds through 5G towers! Click here to learn more. Random id 313.,1
This is a real news article about the economy and government policies. The stock market is rising today. Random id 715.,0
SHOCKING TRUTH! Aliens have invaded the earth and are controlling our minds through 5G towers! Click here to learn more. Random id 824.,1
This is a real news article about the economy and government policies. The stock market is rising today. Random id 41.,0
SHOCKING TRUTH! Aliens have invaded the earth and are controlling our minds through 5G towers! Click here to learn more. Random id 39.,1
This is a real news article about the economy and government policies. The stock market is rising today. Random id 674.,0
SHOCKING TRUTH! Aliens have invaded the earth and are controlling our minds through 5G towers! Click here to learn more. Random id 885.,1
This is a real news article about the economy and government policies. The stock market is rising today. Random id 53.,0
SHOCKING TRUTH! Aliens have invaded the earth and are controlling our minds through 5G towers! Click here to learn more. Random id 577.,1
This is a real news article about the economy and government policies. The stock market is rising today. Random id 530.,0
SHOCKING TRUTH! Aliens have invaded the earth and are controlling our minds through 5G towers! Click here to learn more. Random id 343.,1
This is a real news article about the economy and government policies. The stock market is rising today. Random id 841.,0
SHOCKING TRUTH! Aliens have invaded the earth and are controlling our minds through 5G towers! Click here to learn more. Random id 739.,1
This is a real news article about the economy and government policies. The stock market is rising today. Random id 813.,0
SHOCKING TRUTH! Aliens have invaded the earth and are controlling our minds through 5G towers! Click here to learn more. Random id 600.,1
This is a real news article about the economy and government policies. The stock market is rising today. Random id 343.,0
SHOCKING TRUTH! Aliens have invaded the earth and are controlling our minds through 5G towers! Click here to learn more. Random id 111.,1
This is a real news article about the economy and government policies. The stock market is rising today. Random id 969.,0
SHOCKING TRUTH! Aliens have invaded the earth and are controlling our minds through 5G towers! Click here to learn more. Random id 339.,1
This is a real news article about the economy and government policies. The stock market is rising today. Random id 33.,0
SHOCKING TRUTH! Aliens have invaded the earth and are controlling our minds through 5G towers! Click here to learn more. Random id 310.,1
This is a real news article about the economy and government policies. The stock market is rising today. Random id 911.,0
SHOCKING TRUTH! Aliens have invaded the earth and are controlling our minds through 5G towers! Click here to learn more. Random id 149.,1
This is a real news article about the economy and government policies. The stock market is rising today. Random id 689.,0
SHOCKING TRUTH! Aliens have invaded the earth and are controlling our minds through 5G towers! Click here to learn more. Random id 912.,1
This is a real news article about the economy and government policies. The stock market is rising today. Random id 799.,0
SHOCKING TRUTH! Aliens have invaded the earth and are controlling our minds through 5G towers! Click here to learn more. Random id 254.,1
This is a real news article about the economy and government policies. The stock market is rising today. Random id 685.,0
SHOCKING TRUTH! Aliens have invaded the earth and are controlling our minds through 5G towers! Click here to learn more. Random id 496.,1
This is a real news article about the economy and government policies. The stock market is rising today. Random id 808.,0
SHOCKING TRUTH! Aliens have invaded the earth and are controlling our minds through 5G towers! Click here to learn more. Random id 206.,1
This is a real news article about the economy and government policies. The stock market is rising today. Random id 883.,0
SHOCKING TRUTH! Aliens have invaded the earth and are controlling our minds through 5G towers! Click here to learn more. Random id 114.,1
This is a real news article about the economy and government policies. The stock market is rising today. Random id 916.,0
SHOCKING TRUTH! Aliens have invaded the earth and are controlling our minds through 5G towers! Click here to learn more. Random id 239.,1
This is a real news article about the economy and government policies. The stock market is rising today. Random id 684.,0
SHOCKING TRUTH! Aliens have invaded the earth and are controlling our minds through 5G towers! Click here to learn more. Random id 965.,1
This is a real news article about the economy and government policies. The stock market is rising today. Random id 218.,0
SHOCKING TRUTH! Aliens have invaded the earth and are controlling our minds through 5G towers! Click here to learn more. Random id 500.,1
This is a real news article about the economy and government policies. The stock market is rising today. Random id 22.,0
SHOCKING TRUTH! Aliens have invaded the earth and are controlling our minds through 5G towers! Click here to learn more. Random id 356.,1
This is a real news article about the economy and government policies. The stock market is rising today. Random id 611.,0
SHOCKING TRUTH! Aliens have invaded the earth and are controlling our minds through 5G towers! Click here to learn more. Random id 455.,1
This is a real news article about the economy and government policies. The stock market is rising today. Random id 179.,0
SHOCKING TRUTH! Aliens have invaded the earth and are controlling our minds through 5G towers! Click here to learn more. Random id 258.,1
This is a real news article about the economy and government policies. The stock market is rising today. Random id 159.,0
SHOCKING TRUTH! Aliens have invaded the earth and are controlling our minds through 5G towers! Click here to learn more. Random id 706.,1
This is a real news article about the economy and government policies. The stock market is rising today. Random id 776.,0
SHOCKING TRUTH! Aliens have invaded the earth and are controlling our minds through 5G towers! Click here to learn more. Random id 976.,1
This is a real news article about the economy and government policies. The stock market is rising today. Random id 566.,0
SHOCKING TRUTH! Aliens have invaded the earth and are controlling our minds through 5G towers! Click here to learn more. Random id 893.,1
This is a real news article about the economy and government policies. The stock market is rising today. Random id 470.,0
SHOCKING TRUTH! Aliens have invaded the earth and are controlling our minds through 5G towers! Click here to learn more. Random id 176.,1
This is a real news article about the economy and government policies. The stock market is rising today. Random id 443.,0
SHOCKING TRUTH! Aliens have invaded the earth and are controlling our minds through 5G towers! Click here to learn more. Random id 18.,1
This is a real news article about the economy and government policies. The stock market is rising today. Random id 805.,0
SHOCKING TRUTH! Aliens have invaded the earth and are controlling our minds through 5G towers! Click here to learn more. Random id 232.,1
This is a real news article about the economy and government policies. The stock market is rising today. Random id 106.,0
SHOCKING TRUTH! Aliens have invaded the earth and are controlling our minds through 5G towers! Click here to learn more. Random id 846.,1
This is a real news article about the economy and government policies. The stock market is rising today. Random id 951.,0
SHOCKING TRUTH! Aliens have invaded the earth and are controlling our minds through 5G towers! Click here to learn more. Random id 78.,1
This is a real news article about the economy and government policies. The stock market is rising today. Random id 387.,0
SHOCKING TRUTH! Aliens have invaded the earth and are controlling our minds through 5G towers! Click here to learn more. Random id 319.,1
This is a real news article about the economy and government policies. The stock market is rising today. Random id 613.,0
SHOCKING TRUTH! Aliens have invaded the earth and are controlling our minds through 5G towers! Click here to learn more. Random id 744.,1
This is a real news article about the economy and government policies. The stock market is rising today. Random id 569.,0
SHOCKING TRUTH! Aliens have invaded the earth and are controlling our minds through 5G towers! Click here to learn more. Random id 410.,1
This is a real news article about the economy and government policies. The stock market is rising today. Random id 696.,0
SHOCKING TRUTH! Aliens have invaded the earth and are controlling our minds through 5G towers! Click here to learn more. Random id 606.,1
This is a real news article about the economy and government policies. The stock market is rising today. Random id 922.,0
SHOCKING TRUTH! Aliens have invaded the earth and are controlling our minds through 5G towers! Click here to learn more. Random id 665.,1
This is a real news article about the economy and government policies. The stock market is rising today. Random id 503.,0
SHOCKING TRUTH! Aliens have invaded the earth and are controlling our minds through 5G towers! Click here to learn more. Random id 774.,1
This is a real news article about the economy and government policies. The stock market is rising today. Random id 832.,0
SHOCKING TRUTH! Aliens have invaded the earth and are controlling our minds through 5G towers! Click here to learn more. Random id 92.,1
This is a real news article about the economy and government policies. The stock market is rising today. Random id 947.,0
SHOCKING TRUTH! Aliens have invaded the earth and are controlling our minds through 5G towers! Click here to learn more. Random id 429.,1
This is a real news article about the economy and government policies. The stock market is rising today. Random id 19.,0
SHOCKING TRUTH! Aliens have invaded the earth and are controlling our minds through 5G towers! Click here to learn more. Random id 151.,1
This is a real news article about the economy and government policies. The stock market is rising today. Random id 256.,0
SHOCKING TRUTH! Aliens have invaded the earth and are controlling our minds through 5G towers! Click here to learn more. Random id 487.,1
This is a real news article about the economy and government policies. The stock market is rising today. Random id 684.,0
SHOCKING TRUTH! Aliens have invaded the earth and are controlling our minds through 5G towers! Click here to learn more. Random id 975.,1
This is a real news article about the economy and government policies. The stock market is rising today. Random id 512.,0
SHOCKING TRUTH! Aliens have invaded the earth and are controlling our minds through 5G towers! Click here to learn more. Random id 107.,1
This is a real news article about the economy and government policies. The stock market is rising today. Random id 602.,0
SHOCKING TRUTH! Aliens have invaded the earth and are controlling our minds through 5G towers! Click here to learn more. Random id 676.,1
This is a real news article about the economy and government policies. The stock market is rising today. Random id 589.,0
SHOCKING TRUTH! Aliens have invaded the earth and are controlling our minds through 5G towers! Click here to learn more. Random id 658.,1
This is a real news article about the economy and government policies. The stock market is rising today. Random id 580.,0
SHOCKING TRUTH! Aliens have invaded the earth and are controlling our minds through 5G towers! Click here to learn more. Random id 345.,1
This is a real news article about the economy and government policies. The stock market is rising today. Random id 355.,0
SHOCKING TRUTH! Aliens have invaded the earth and are controlling our minds through 5G towers! Click here to learn more. Random id 467.,1
This is a real news article about the economy and government policies. The stock market is rising today. Random id 379.,0
SHOCKING TRUTH! Aliens have invaded the earth and are controlling our minds through 5G towers! Click here to learn more. Random id 910.,1
This is a real news article about the economy and government policies. The stock market is rising today. Random id 851.,0
SHOCKING TRUTH! Aliens have invaded the earth and are controlling our minds through 5G towers! Click here to learn more. Random id 162.,1
This is a real news article about the economy and government policies. The stock market is rising today. Random id 750.,0
SHOCKING TRUTH! Aliens have invaded the earth and are controlling our minds through 5G towers! Click here to learn more. Random id 544.,1
This is a real news article about the economy and government policies. The stock market is rising today. Random id 367.,0
SHOCKING TRUTH! Aliens have invaded the earth and are controlling our minds through 5G towers! Click here to learn more. Random id 50.,1
This is a real news article about the economy and government policies. The stock market is rising today. Random id 963.,0
SHOCKING TRUTH! Aliens have invaded the earth and are controlling our minds through 5G towers! Click here to learn more. Random id 969.,1
This is a real news article about the economy and government policies. The stock market is rising today. Random id 774.,0
SHOCKING TRUTH! Aliens have invaded the earth and are controlling our minds through 5G towers! Click here to learn more. Random id 985.,1
This is a real news article about the economy and government policies. The stock market is rising today. Random id 584.,0
SHOCKING TRUTH! Aliens have invaded the earth and are controlling our minds through 5G towers! Click here to learn more. Random id 305.,1
This is a real news article about the economy and government policies. The stock market is rising today. Random id 758.,0
SHOCKING TRUTH! Aliens have invaded the earth and are controlling our minds through 5G towers! Click here to learn more. Random id 644.,1
This is a real news article about the economy and government policies. The stock market is rising today. Random id 821.,0
SHOCKING TRUTH! Aliens have invaded the earth and are controlling our minds through 5G towers! Click here to learn more. Random id 212.,1
This is a real news article about the economy and government policies. The stock market is rising today. Random id 157.,0
SHOCKING TRUTH! Aliens have invaded the earth and are controlling our minds through 5G towers! Click here to learn more. Random id 12.,1
This is a real news article about the economy and government policies. The stock market is rising today. Random id 836.,0
SHOCKING TRUTH! Aliens have invaded the earth and are controlling our minds through 5G towers! Click here to learn more. Random id 203.,1
This is a real news article about the economy and government policies. The stock market is rising today. Random id 335.,0
SHOCKING TRUTH! Aliens have invaded the earth and are controlling our minds through 5G towers! Click here to learn more. Random id 631.,1
